{
    "faces":[35,0,1,2,3,0,0,0,0,0,35,8,6,11,10,0,1,1,1,1,35,0,4,5,1,0,2,2,2,2,35,1,5,6,2,0,3,3,3,3,35,2,6,7,3,0,4,4,4,4,35,4,0,3,7,0,5,5,5,5,35,11,9,13,15,0,6,6,6,6,35,4,7,10,8,0,7,7,7,7,35,6,5,9,11,0,8,8,8,8,35,5,4,8,9,0,9,9,9,9,35,12,14,15,13,0,10,10,10,10,35,9,8,12,13,0,11,11,11,11,35,10,11,15,14,0,12,12,12,12,35,8,10,14,12,0,13,13,13,13],
    "vertices":[1.57129,0.00243521,-1.55394,1.57129,0.00243545,1.81473,-1.79738,0.00243545,1.81472,-1.79738,0.00243521,-1.55394,0.960096,3.53952,-1.55394,0.868057,3.56488,1.81473,-1.10896,3.65191,1.27251,-1.17137,3.63471,-1.01173,0.960096,4.13093,-1.55394,0.868057,4.10557,1.81473,-1.17137,4.03574,-1.01173,-1.10896,4.01855,1.27251,1.57129,4.92308,-1.55394,1.57129,4.92308,1.81473,-1.79738,4.92308,-1.55394,-1.79738,4.92308,1.81472],
    "uvs":[],
    "normals":[-1.00183e-14,-1,7.07753e-08,-0.999627,0,0.0273111,0.98321,0.182035,0.0127464,-0.0994336,0.0743963,0.992259,-0.984043,0.17763,0.0103234,-0.0965374,0.0752598,-0.99248,-0.0915074,-0.298354,0.950059,-0.246533,0,-0.969135,-0.264491,0,0.964388,0.999627,0,0.0273119,0,1,0,0.774533,-0.63248,0.00820029,-0.8063,-0.591464,0.00710218,-0.0881171,-0.306739,-0.947706],
    "metadata":{
        "vertices":16,
        "normals":14,
        "type":"Geometry",
        "materials":1,
        "generator":"io_three",
        "faces":14,
        "uvs":0,
        "version":3,
        "colors":0
    },
    "colors":[],
    "materials":[{
        "DbgColor":15658734,
        "specularCoef":50,
        "colorSpecular":[0.5,0.5,0.5],
        "transparent":false,
        "visible":true,
        "DbgName":"Material",
        "blending":1,
        "depthWrite":true,
        "doubleSided":false,
        "colorEmissive":[0,0,0],
        "shading":"phong",
        "vertexColors":false,
        "depthTest":true,
        "opacity":1,
        "wireframe":false,
        "DbgIndex":0
    }]
}